lag_sweep	g1
5	6.14189985E+00
10	8.83914261E+00
15	1.04410956E+01
20	1.18328088E+01
25	1.28789445E+01
30	1.38984354E+01
35	1.47000348E+01
40	1.55350927E+01
45	1.61987063E+01
50	1.69072947E+01
55	1.74324999E+01
60	1.81046596E+01
65	1.85554980E+01
70	1.91537462E+01
75	1.95107938E+01
80	2.00414917E+01
85	2.03777775E+01
90	2.09162852E+01
95	2.12209555E+01
100	2.17601160E+01
105	2.19922505E+01
110	2.24416480E+01
115	2.26331137E+01
120	2.31258028E+01
125	2.33209675E+01
130	2.37958907E+01
135	2.39782393E+01
140	2.43913040E+01
145	2.45960124E+01
150	2.49884593E+01
155	2.52020946E+01
160	2.56833861E+01
165	2.58337770E+01
170	2.62531057E+01
175	2.64217375E+01
180	2.68118947E+01
185	2.69553071E+01
190	2.73006933E+01
195	2.74495585E+01
200	2.77358364E+01
205	2.78897474E+01
210	2.81824295E+01
215	2.83287422E+01
220	2.86451420E+01
225	2.87959392E+01
230	2.91109786E+01
235	2.92627738E+01
240	2.95403990E+01
245	2.96919811E+01
250	2.99366291E+01
255	3.00827947E+01
260	3.03185883E+01
265	3.04531258E+01
270	3.06885503E+01
275	3.09014872E+01
280	3.11257403E+01
285	3.12971607E+01
290	3.14678936E+01
295	3.16667757E+01
300	3.18191982E+01
305	3.19511539E+01
310	3.21207141E+01
315	3.22691706E+01
320	3.24760740E+01
325	3.26365355E+01
330	3.28347220E+01
335	3.29983822E+01
340	3.31560865E+01
345	3.32691473E+01
350	3.34565495E+01
355	3.35663029E+01
360	3.37760739E+01
365	3.38976198E+01
370	3.40921180E+01
375	3.41661256E+01
380	3.42926457E+01
385	3.44130935E+01
390	3.45474596E+01
395	3.46570668E+01
400	3.48313692E+01
405	3.48768600E+01
410	3.50529136E+01
415	3.51360605E+01
420	3.52997044E+01
425	3.54022131E+01
430	3.56341896E+01
435	3.56785546E+01
440	3.58729389E+01
445	3.58953803E+01
450	3.60350695E+01
455	3.61040099E+01
460	3.63064273E+01
465	3.63435008E+01
470	3.65926673E+01
475	3.66414763E+01
480	3.68688870E+01
485	3.68433556E+01
490	3.70587082E+01
495	3.70593529E+01
500	3.72427147E+01
505	3.73071781E+01
510	3.75266554E+01
515	3.75330212E+01
520	3.76953436E+01
525	3.77236336E+01
530	3.79589922E+01
535	3.80176962E+01
540	3.82146148E+01
545	3.82307989E+01
550	3.84106098E+01
555	3.84520694E+01
560	3.86110623E+01
565	3.86537994E+01
570	3.88616810E+01
575	3.89084010E+01
580	3.91213587E+01
585	3.90857837E+01
590	3.92531800E+01
595	3.93365815E+01
600	3.95079794E+01
605	3.95712420E+01
610	3.96982932E+01
615	3.97224279E+01
620	3.99009915E+01
625	3.99909797E+01
630	4.00731025E+01
635	4.01743349E+01
640	4.02837187E+01
645	4.03939526E+01
650	4.05450200E+01
655	4.06598483E+01
660	4.07964949E+01
665	4.08573165E+01
670	4.09456026E+01
675	4.10450497E+01
680	4.12161562E+01
685	4.13384172E+01
690	4.14663910E+01
695	4.14818195E+01
700	4.16334622E+01
705	4.16920884E+01
710	4.18125370E+01
715	4.19007118E+01
720	4.20114271E+01
725	4.20624909E+01
730	4.22581025E+01
735	4.23258144E+01
740	4.24069452E+01
745	4.24806182E+01
750	4.26006256E+01
755	4.26395362E+01
760	4.27688950E+01
765	4.27671292E+01
770	4.29347241E+01
775	4.29731949E+01
780	4.31136914E+01
785	4.31859634E+01
790	4.33206609E+01
795	4.33546139E+01
800	4.35127262E+01
805	4.35661314E+01
810	4.37308659E+01
815	4.37484137E+01
820	4.38981716E+01
825	4.38896347E+01
830	4.40443867E+01
835	4.39862711E+01
840	4.41028797E+01
845	4.40920262E+01
850	4.42518937E+01
855	4.42808140E+01
860	4.44638557E+01
865	4.45581600E+01
870	4.46859931E+01
875	4.47287968E+01
880	4.48870170E+01
885	4.48811856E+01
890	4.50701173E+01
895	4.50864189E+01
900	4.52327956E+01
905	4.52889667E+01
910	4.54287985E+01
915	4.55488128E+01
920	4.56285405E+01
925	4.56454338E+01
930	4.57909353E+01
935	4.58419146E+01
940	4.59577720E+01
945	4.59958869E+01
950	4.61349048E+01
955	4.62117315E+01
960	4.63460335E+01
965	4.63184862E+01
970	4.64697899E+01
975	4.65309467E+01
980	4.66650835E+01
985	4.66313996E+01
990	4.68178275E+01
995	4.68287777E+01
1000	4.70305889E+01
1005	4.69837353E+01
1010	4.71752346E+01
1015	4.71729759E+01
1020	4.73375270E+01
1025	4.73731516E+01
1030	4.75523433E+01
1035	4.75368572E+01
1040	4.77174443E+01
1045	4.77092411E+01
1050	4.78427284E+01
1055	4.78749081E+01
1060	4.79879502E+01
1065	4.80399847E+01
1070	4.81720341E+01
1075	4.82174689E+01
1080	4.84008340E+01
1085	4.83972887E+01
1090	4.85443800E+01
1095	4.85482364E+01
1100	4.86352447E+01
1105	4.86289172E+01
1110	4.87799728E+01
1115	4.88085173E+01
1120	4.89047812E+01
1125	4.89180643E+01
1130	4.90412942E+01
1135	4.90398830E+01
1140	4.92096071E+01
1145	4.91719468E+01
1150	4.92831196E+01
1155	4.92554058E+01
1160	4.93975648E+01
1165	4.93596840E+01
1170	4.95260826E+01
1175	4.94720793E+01
1180	4.96912885E+01
1185	4.96227580E+01
1190	4.97185086E+01
1195	4.96898357E+01
1200	4.98601593E+01
1205	4.98468071E+01
1210	5.00132094E+01
1215	5.00372450E+01
1220	5.01760683E+01
1225	5.02460704E+01
1230	5.04070263E+01
1235	5.04660876E+01
1240	5.05525731E+01
1245	5.05562203E+01
1250	5.07459749E+01
1255	5.06845496E+01
1260	5.07728910E+01
1265	5.07656274E+01
1270	5.09154366E+01
1275	5.08905307E+01
1280	5.09948496E+01
1285	5.10562130E+01
1290	5.11886236E+01
1295	5.11551936E+01
1300	5.12778676E+01
1305	5.12342789E+01
1310	5.14126145E+01
1315	5.13586409E+01
1320	5.14746624E+01
1325	5.15068589E+01
1330	5.16593759E+01
1335	5.16455926E+01
1340	5.17655770E+01
1345	5.17176409E+01
1350	5.18960656E+01
1355	5.18672083E+01
1360	5.20535685E+01
1365	5.20037907E+01
1370	5.22150473E+01
1375	5.21077257E+01
1380	5.22398225E+01
1385	5.22540127E+01
1390	5.23923700E+01
1395	5.23301785E+01
1400	5.24512467E+01
1405	5.23783143E+01
1410	5.25126174E+01
1415	5.24191649E+01
1420	5.26210516E+01
1425	5.25649437E+01
1430	5.27187731E+01
1435	5.27163928E+01
1440	5.28574269E+01
1445	5.28762030E+01
1450	5.29951737E+01
1455	5.30348288E+01
1460	5.31375149E+01
1465	5.31698178E+01
1470	5.32569105E+01
1475	5.32455540E+01
1480	5.32996164E+01
1485	5.33937848E+01
1490	5.34758077E+01
1495	5.35213007E+01
1500	5.35905246E+01
1505	5.36307907E+01
1510	5.36313730E+01
1515	5.36540299E+01
1520	5.37480141E+01
1525	5.38476411E+01
1530	5.39028361E+01
1535	5.40327187E+01
1540	5.40163141E+01
1545	5.41982911E+01
1550	5.42064383E+01
1555	5.42912570E+01
1560	5.42980548E+01
1565	5.44406487E+01
1570	5.44912072E+01
1575	5.45864586E+01
1580	5.46056864E+01
1585	5.47491581E+01
1590	5.47570844E+01
1595	5.49197998E+01
1600	5.49338477E+01
1605	5.50291046E+01
1610	5.50225669E+01
1615	5.51973435E+01
1620	5.52470510E+01
1625	5.53946876E+01
1630	5.54248038E+01
1635	5.55866052E+01
1640	5.56710090E+01
1645	5.57392709E+01
1650	5.57838865E+01
1655	5.58526611E+01
1660	5.59085927E+01
1665	5.59996679E+01
1670	5.60357455E+01
1675	5.60929624E+01
1680	5.61600775E+01
1685	5.62442061E+01
1690	5.62931124E+01
1695	5.63922205E+01
1700	5.64617011E+01
1705	5.65795215E+01
1710	5.66655538E+01
1715	5.67466659E+01
1720	5.68221468E+01
1725	5.68785162E+01
1730	5.69208353E+01
1735	5.70207921E+01
1740	5.71389984E+01
1745	5.71651921E+01
1750	5.72678516E+01
1755	5.73358419E+01
1760	5.74361639E+01
1765	5.74830181E+01
1770	5.75229225E+01
1775	5.75731349E+01
1780	5.76497596E+01
1785	5.76454449E+01
1790	5.77128951E+01
1795	5.77899942E+01
1800	5.78292471E+01
1805	5.78762461E+01
1810	5.79603960E+01
1815	5.79863713E+01
1820	5.81477858E+01
1825	5.81064870E+01
1830	5.82974955E+01
1835	5.82550380E+01
1840	5.84248920E+01
1845	5.83824630E+01
1850	5.84918665E+01
1855	5.84278885E+01
1860	5.86238854E+01
1865	5.85149052E+01
1870	5.86894926E+01
1875	5.86417197E+01
1880	5.88295217E+01
1885	5.88203916E+01
1890	5.89630327E+01
1895	5.89506660E+01
1900	5.91128278E+01
1905	5.90848495E+01
1910	5.92588556E+01
1915	5.92119322E+01
1920	5.93909162E+01
1925	5.92738310E+01
1930	5.94489580E+01
1935	5.94333075E+01
1940	5.95860445E+01
1945	5.96097507E+01
1950	5.97450821E+01
1955	5.96779005E+01
1960	5.98638922E+01
1965	5.98847900E+01
1970	5.99750023E+01
1975	5.99784639E+01
1980	6.00507696E+01
1985	6.00291473E+01
1990	6.01558217E+01
1995	6.01359481E+01
2000	6.02618761E+01
2005	6.02416308E+01
2010	6.03974231E+01
2015	6.03661862E+01
2020	6.04622875E+01
2025	6.05061713E+01
2030	6.06680245E+01
2035	6.05634680E+01
2040	6.06890133E+01
2045	6.06958987E+01
2050	6.07534931E+01
2055	6.07975661E+01
2060	6.08802084E+01
2065	6.09342580E+01
2070	6.09739810E+01
2075	6.10571034E+01
2080	6.10900553E+01
2085	6.11995444E+01
2090	6.12608386E+01
2095	6.13603699E+01
2100	6.13865189E+01
2105	6.13777865E+01
2110	6.14594813E+01
2115	6.14741319E+01
2120	6.15692227E+01
2125	6.16097842E+01
2130	6.16776882E+01
2135	6.16754775E+01
2140	6.17542957E+01
2145	6.17970251E+01
2150	6.18763177E+01
2155	6.18962768E+01
2160	6.19248334E+01
2165	6.19802415E+01
2170	6.20015256E+01
2175	6.20798770E+01
2180	6.20798153E+01
2185	6.21797664E+01
2190	6.21450517E+01
2195	6.22463846E+01
2200	6.21930583E+01
2205	6.23348331E+01
2210	6.23071305E+01
2215	6.24431206E+01
2220	6.24087592E+01
2225	6.24699773E+01
2230	6.24357728E+01
2235	6.26149228E+01
2240	6.26094976E+01
2245	6.27187861E+01
2250	6.27071077E+01
2255	6.28549050E+01
2260	6.27277984E+01
2265	6.28174686E+01
2270	6.27917546E+01
2275	6.29041254E+01
2280	6.29148260E+01
2285	6.30207275E+01
2290	6.29572066E+01
2295	6.31066718E+01
2300	6.30899439E+01
2305	6.32120588E+01
2310	6.32030173E+01
2315	6.33908471E+01
2320	6.33528476E+01
2325	6.35629320E+01
2330	6.35116987E+01
2335	6.36822931E+01
2340	6.35905854E+01
2345	6.37071009E+01
2350	6.36916272E+01
2355	6.38645087E+01
2360	6.38972148E+01
2365	6.39840029E+01
2370	6.39698516E+01
2375	6.40739460E+01
2380	6.40845175E+01
2385	6.41464093E+01
2390	6.41545940E+01
2395	6.42836802E+01
2400	6.43003490E+01
2405	6.44006537E+01
2410	6.44041591E+01
2415	6.44846319E+01
2420	6.45702665E+01
2425	6.46603081E+01
2430	6.46917753E+01
2435	6.47220771E+01
2440	6.48362409E+01
2445	6.47933801E+01
2450	6.48979781E+01
2455	6.49433353E+01
2460	6.51292182E+01
2465	6.51223722E+01
2470	6.52883768E+01
2475	6.52628266E+01
2480	6.53823251E+01
2485	6.53454424E+01
2490	6.54665199E+01
2495	6.54295265E+01
2500	6.55169896E+01
2505	6.55597452E+01
2510	6.56685946E+01
2515	6.56608054E+01
2520	6.58560284E+01
2525	6.58189269E+01
2530	6.59905479E+01
2535	6.59428985E+01
2540	6.61198178E+01
2545	6.60669775E+01
2550	6.62763181E+01
2555	6.62650806E+01
2560	6.64500849E+01
2565	6.64198828E+01
2570	6.66428634E+01
2575	6.66636760E+01
2580	6.67680597E+01
2585	6.67725335E+01
2590	6.68707132E+01
2595	6.68748696E+01
2600	6.69764726E+01
2605	6.69799299E+01
2610	6.70575709E+01
2615	6.71053414E+01
2620	6.70840189E+01
2625	6.70576368E+01
2630	6.71385178E+01
2635	6.71509407E+01
2640	6.72328058E+01
2645	6.72626887E+01
2650	6.73102445E+01
2655	6.73296545E+01
2660	6.73999138E+01
2665	6.74371287E+01
2670	6.74995243E+01
2675	6.75700279E+01
2680	6.75899967E+01
2685	6.76628692E+01
2690	6.77370586E+01
2695	6.78072052E+01
2700	6.78865878E+01
2705	6.79440706E+01
2710	6.80478851E+01
2715	6.81004908E+01
2720	6.82032107E+01
2725	6.81652644E+01
2730	6.82194214E+01
2735	6.81231982E+01
2740	6.82660600E+01
2745	6.82429586E+01
2750	6.83886701E+01
2755	6.83437034E+01
2760	6.83965616E+01
2765	6.84087165E+01
2770	6.84755829E+01
2775	6.85538455E+01
2780	6.86262886E+01
2785	6.87142148E+01
2790	6.87558410E+01
2795	6.88266647E+01
2800	6.88453726E+01
2805	6.89552557E+01
2810	6.89893373E+01
2815	6.90576154E+01
2820	6.90853270E+01
2825	6.92291790E+01
2830	6.91534064E+01
2835	6.92998411E+01
2840	6.92773620E+01
2845	6.94058556E+01
2850	6.93199376E+01
2855	6.94327069E+01
2860	6.94964756E+01
2865	6.95529395E+01
2870	6.96278879E+01
2875	6.97214462E+01
2880	6.96720424E+01
2885	6.97263026E+01
2890	6.96941399E+01
2895	6.98125816E+01
2900	6.98525073E+01
2905	6.99171168E+01
2910	6.99781773E+01
2915	7.00718938E+01
2920	7.01203441E+01
2925	7.01822759E+01
2930	7.01532960E+01
2935	7.02437678E+01
2940	7.02587243E+01
2945	7.03980516E+01
2950	7.03661889E+01
2955	7.04896871E+01
2960	7.04815692E+01
2965	7.05963877E+01
2970	7.05851178E+01
2975	7.06759234E+01
2980	7.06850548E+01
2985	7.07716342E+01
2990	7.07823257E+01
2995	7.08366939E+01
3000	7.08984845E+01
3005	7.09380798E+01
3010	7.09193967E+01
3015	7.09396828E+01
3020	7.10012950E+01
3025	7.09967435E+01
3030	7.10785877E+01
3035	7.11829158E+01
3040	7.12336855E+01
3045	7.13458078E+01
3050	7.13613996E+01
3055	7.14327186E+01
3060	7.15152266E+01
3065	7.16178813E+01
3070	7.16684029E+01
3075	7.17297051E+01
3080	7.18220192E+01
3085	7.19188710E+01
3090	7.19860026E+01
3095	7.20254940E+01
3100	7.20533060E+01
3105	7.20713476E+01
3110	7.21545140E+01
3115	7.21452202E+01
3120	7.22940423E+01
3125	7.23147011E+01
3130	7.22926368E+01
3135	7.23709007E+01
3140	7.23963177E+01
3145	7.24621649E+01
3150	7.25682416E+01
3155	7.25933973E+01
3160	7.26364225E+01
3165	7.27085581E+01
3170	7.27699823E+01
3175	7.28263743E+01
3180	7.28839621E+01
3185	7.29617682E+01
3190	7.29968367E+01
3195	7.30487127E+01
3200	7.30288760E+01
3205	7.31171938E+01
3210	7.31384706E+01
3215	7.31071645E+01
3220	7.32685190E+01
3225	7.33378689E+01
3230	7.34499501E+01
3235	7.34984471E+01
3240	7.35732791E+01
3245	7.36421639E+01
3250	7.37234970E+01
3255	7.38307009E+01
3260	7.39004683E+01
3265	7.39611686E+01
3270	7.40553566E+01
3275	7.40896356E+01
3280	7.42080557E+01
3285	7.42102423E+01
3290	7.42947771E+01
3295	7.44444426E+01
3300	7.44826726E+01
3305	7.45452383E+01
3310	7.46020676E+01
3315	7.46923165E+01
3320	7.47059352E+01
3325	7.48278075E+01
3330	7.48056757E+01
3335	7.49554596E+01
3340	7.50497012E+01
3345	7.51569726E+01
3350	7.52421098E+01
3355	7.53140930E+01
3360	7.53626824E+01
3365	7.55179980E+01
3370	7.55884792E+01
3375	7.56762497E+01
3380	7.56439904E+01
3385	7.58228291E+01
3390	7.58197405E+01
3395	7.59007663E+01
3400	7.59885829E+01
3405	7.60692728E+01
3410	7.61253507E+01
3415	7.61832826E+01
3420	7.62238534E+01
3425	7.62327037E+01
3430	7.64228929E+01
3435	7.63829858E+01
3440	7.65191274E+01
3445	7.64981625E+01
3450	7.67141837E+01
3455	7.66723428E+01
3460	7.68151530E+01
3465	7.68905567E+01
3470	7.69443409E+01
3475	7.70263648E+01
3480	7.71184258E+01
3485	7.71827943E+01
3490	7.73424631E+01
3495	7.74271916E+01
3500	7.74509475E+01
3505	7.75579975E+01
3510	7.75509846E+01
3515	7.76505397E+01
3520	7.78009582E+01
3525	7.78825026E+01
3530	7.79486468E+01
3535	7.80464585E+01
3540	7.80836054E+01
3545	7.81919431E+01
3550	7.81919392E+01
3555	7.82221221E+01
3560	7.83942239E+01
3565	7.83629428E+01
3570	7.85632646E+01
3575	7.85661427E+01
3580	7.86874247E+01
3585	7.87254611E+01
3590	7.88913592E+01
3595	7.89418283E+01
3600	7.90882870E+01
3605	7.90670833E+01
3610	7.92403409E+01
3615	7.91733864E+01
3620	7.93056177E+01
3625	7.92807653E+01
3630	7.94258086E+01
3635	7.94564065E+01
3640	7.95575387E+01
3645	7.96181838E+01
3650	7.97283542E+01
3655	7.97702890E+01
3660	7.97818713E+01
3665	7.98835969E+01
3670	7.99609662E+01
3675	8.00532449E+01
3680	8.00484643E+01
3685	8.01239790E+01
3690	8.01844313E+01
3695	8.02022915E+01
3700	8.02848848E+01
3705	8.03580062E+01
3710	8.04553276E+01
3715	8.04563953E+01
3720	8.05614530E+01
3725	8.05763105E+01
3730	8.07636682E+01
3735	8.08240275E+01
3740	8.09669056E+01
3745	8.09722308E+01
3750	8.10605501E+01
3755	8.10927310E+01
3760	8.11801994E+01
3765	8.11629524E+01
3770	8.11934963E+01
3775	8.12237101E+01
3780	8.12486710E+01
3785	8.13165597E+01
3790	8.14435176E+01
3795	8.14980526E+01
3800	8.15072176E+01
3805	8.16172684E+01
3810	8.15918402E+01
3815	8.15963195E+01
3820	8.17620764E+01
3825	8.17108113E+01
3830	8.18985030E+01
3835	8.18758339E+01
3840	8.19789586E+01
3845	8.19639011E+01
3850	8.21641963E+01
3855	8.21315687E+01
3860	8.24004713E+01
3865	8.23783249E+01
3870	8.26159474E+01
3875	8.25625435E+01
3880	8.27392012E+01
3885	8.27163292E+01
3890	8.29409364E+01
3895	8.28162088E+01
3900	8.30031220E+01
3905	8.29362447E+01
3910	8.31252316E+01
3915	8.30636954E+01
3920	8.32670623E+01
3925	8.31337368E+01
3930	8.33524273E+01
3935	8.32696910E+01
3940	8.34575824E+01
3945	8.33128905E+01
3950	8.35614723E+01
3955	8.34525239E+01
3960	8.37022879E+01
3965	8.35275432E+01
3970	8.37758028E+01
3975	8.37133013E+01
3980	8.39031409E+01
3985	8.37897134E+01
3990	8.39625091E+01
3995	8.39263110E+01
4000	8.41058738E+01
4005	8.40845794E+01
4010	8.43116207E+01
4015	8.42702463E+01
4020	8.44705036E+01
4025	8.44227712E+01
4030	8.46722068E+01
4035	8.44972840E+01
4040	8.47388715E+01
4045	8.45252694E+01
4050	8.48177777E+01
4055	8.46917920E+01
4060	8.48284905E+01
4065	8.47880825E+01
4070	8.49864010E+01
4075	8.48886892E+01
4080	8.51161901E+01
4085	8.50846263E+01
4090	8.53227467E+01
4095	8.52253821E+01
4100	8.54836005E+01
4105	8.53878629E+01
4110	8.56034971E+01
4115	8.56308405E+01
4120	8.58162159E+01
4125	8.56935192E+01
4130	8.59689572E+01
4135	8.58004931E+01
4140	8.60066608E+01
4145	8.57997800E+01
4150	8.60571044E+01
4155	8.59207341E+01
4160	8.61295833E+01
4165	8.60211129E+01
4170	8.63405966E+01
4175	8.60960020E+01
4180	8.64698705E+01
4185	8.62967097E+01
4190	8.66175029E+01
4195	8.64665074E+01
4200	8.68089946E+01
4205	8.66217583E+01
4210	8.70434034E+01
4215	8.67555636E+01
4220	8.70902633E+01
4225	8.67869059E+01
4230	8.71677670E+01
4235	8.69470267E+01
4240	8.72696024E+01
4245	8.70871720E+01
4250	8.75007219E+01
4255	8.73130977E+01
4260	8.76553786E+01
4265	8.72853293E+01
4270	8.76351293E+01
4275	8.73996733E+01
4280	8.77351373E+01
4285	8.75191595E+01
4290	8.78031788E+01
4295	8.76783435E+01
4300	8.78976189E+01
4305	8.76245916E+01
4310	8.78775878E+01
4315	8.77301983E+01
4320	8.80565374E+01
4325	8.79000347E+01
4330	8.81775511E+01
4335	8.80620322E+01
4340	8.82851937E+01
4345	8.81286812E+01
4350	8.84230342E+01
4355	8.83340355E+01
4360	8.86900788E+01
4365	8.86161749E+01
4370	8.89524988E+01
4375	8.88810641E+01
4380	8.91995251E+01
4385	8.90632681E+01
4390	8.92944857E+01
4395	8.91315846E+01
4400	8.94391316E+01
4405	8.93243331E+01
4410	8.95956141E+01
4415	8.94446102E+01
4420	8.97672694E+01
4425	8.96818591E+01
4430	8.99417317E+01
4435	8.99087373E+01
4440	9.01384959E+01
4445	9.00913496E+01
4450	9.02903549E+01
4455	9.01852586E+01
4460	9.03676284E+01
4465	9.01285380E+01
4470	9.04332265E+01
4475	9.02819124E+01
4480	9.05451896E+01
4485	9.02764760E+01
4490	9.06306981E+01
4495	9.03076644E+01
4500	9.06094448E+01
4505	9.03923973E+01
4510	9.06851456E+01
4515	9.04275029E+01
4520	9.06824826E+01
4525	9.06177862E+01
4530	9.08897915E+01
4535	9.07714131E+01
4540	9.10453630E+01
4545	9.08796816E+01
4550	9.11387890E+01
4555	9.09926030E+01
4560	9.12311639E+01
4565	9.11041303E+01
4570	9.13594303E+01
4575	9.12662642E+01
4580	9.17414310E+01
4585	9.15150845E+01
4590	9.18886092E+01
4595	9.15763358E+01
4600	9.19745824E+01
4605	9.16882950E+01
4610	9.21111710E+01
4615	9.17812847E+01
4620	9.21927504E+01
4625	9.19682676E+01
4630	9.24478420E+01
4635	9.21041494E+01
4640	9.26326511E+01
4645	9.23896886E+01
4650	9.27906647E+01
4655	9.24939876E+01
4660	9.26942473E+01
4665	9.24671075E+01
4670	9.28475335E+01
4675	9.26619183E+01
4680	9.30682504E+01
4685	9.28518331E+01
4690	9.33246544E+01
4695	9.31168159E+01
4700	9.33278942E+01
4705	9.32299241E+01
4710	9.34492286E+01
4715	9.32571335E+01
4720	9.34547107E+01
4725	9.33078119E+01
4730	9.35547926E+01
4735	9.34213544E+01
4740	9.37407888E+01
4745	9.37388557E+01
4750	9.39812361E+01
4755	9.38216116E+01
4760	9.40245220E+01
4765	9.39509373E+01
4770	9.42082978E+01
4775	9.41152494E+01
4780	9.42832089E+01
4785	9.42602456E+01
4790	9.45305032E+01
4795	9.44259674E+01
4800	9.46709261E+01
4805	9.44750532E+01
4810	9.47049145E+01
4815	9.45592436E+01
4820	9.48520226E+01
4825	9.47779251E+01
4830	9.50118236E+01
4835	9.48172598E+01
4840	9.50852471E+01
4845	9.48740618E+01
4850	9.51980379E+01
4855	9.50076207E+01
4860	9.54273099E+01
4865	9.51018543E+01
4870	9.54751715E+01
4875	9.52942601E+01
4880	9.55898340E+01
4885	9.53757218E+01
4890	9.58692229E+01
4895	9.56529465E+01
4900	9.60676627E+01
4905	9.58385667E+01
4910	9.60737790E+01
4915	9.59570141E+01
4920	9.61984063E+01
4925	9.59916824E+01
4930	9.62581879E+01
4935	9.62322638E+01
4940	9.65241699E+01
4945	9.63501794E+01
4950	9.66950630E+01
4955	9.66161510E+01
4960	9.71010808E+01
4965	9.69383429E+01
4970	9.73201690E+01
4975	9.70712019E+01
4980	9.73618185E+01
4985	9.70803525E+01
4990	9.73960905E+01
4995	9.71640382E+01
5000	9.75705282E+01
5005	9.71788111E+01
5010	9.76361877E+01
5015	9.73263103E+01
5020	9.78133912E+01
5025	9.74443144E+01
5030	9.80090403E+01
5035	9.77246894E+01
5040	9.79842447E+01
5045	9.76436398E+01
5050	9.79113282E+01
5055	9.76548520E+01
5060	9.79112441E+01
5065	9.76919141E+01
5070	9.78503537E+01
5075	9.76088669E+01
5080	9.79278280E+01
5085	9.77034438E+01
5090	9.79116327E+01
5095	9.76181690E+01
5100	9.78286693E+01
5105	9.76179800E+01
5110	9.77749330E+01
5115	9.74899037E+01
5120	9.76738770E+01
5125	9.74865629E+01
5130	9.76700172E+01
5135	9.75512268E+01
5140	9.76653929E+01
5145	9.72829709E+01
5150	9.75385429E+01
5155	9.73315761E+01
5160	9.75659837E+01
5165	9.74018189E+01
5170	9.76480525E+01
5175	9.74610945E+01
5180	9.76271945E+01
5185	9.75777018E+01
5190	9.78427805E+01
5195	9.77972084E+01
5200	9.78369420E+01
5205	9.78091921E+01
5210	9.80056536E+01
5215	9.78352219E+01
5220	9.80966676E+01
5225	9.79395453E+01
5230	9.82449194E+01
5235	9.82682101E+01
5240	9.84603613E+01
5245	9.84258202E+01
5250	9.85653466E+01
5255	9.85638860E+01
5260	9.87603388E+01
5265	9.87572121E+01
5270	9.89281675E+01
5275	9.88741759E+01
5280	9.90296063E+01
5285	9.89654907E+01
5290	9.89127717E+01
5295	9.89461048E+01
5300	9.88980990E+01
5305	9.89648724E+01
5310	9.90354212E+01
5315	9.89950806E+01
5320	9.89772612E+01
5325	9.90261125E+01
5330	9.91650537E+01
5335	9.90933936E+01
5340	9.92868897E+01
5345	9.91441252E+01
5350	9.93220768E+01
5355	9.91816025E+01
5360	9.94339434E+01
5365	9.91593842E+01
5370	9.95340790E+01
5375	9.93784648E+01
5380	9.97339141E+01
5385	9.94542800E+01
5390	9.97143952E+01
5395	9.93647391E+01
5400	9.96535926E+01
5405	9.91988861E+01
5410	9.94693402E+01
5415	9.92763039E+01
5420	9.94684872E+01
5425	9.91651436E+01
5430	9.93558123E+01
5435	9.92113404E+01
5440	9.94795313E+01
5445	9.92224474E+01
5450	9.95745636E+01
5455	9.92803985E+01
5460	9.94824193E+01
5465	9.93159392E+01
5470	9.94558206E+01
5475	9.92600509E+01
5480	9.95083083E+01
5485	9.91377787E+01
5490	9.93013748E+01
5495	9.89385836E+01
5500	9.93348743E+01
5505	9.88861784E+01
5510	9.93148000E+01
5515	9.89755337E+01
5520	9.94234874E+01
5525	9.89426566E+01
5530	9.92569148E+01
5535	9.89129186E+01
5540	9.94395384E+01
5545	9.90027447E+01
5550	9.95018365E+01
5555	9.92866238E+01
5560	9.96764633E+01
5565	9.93261691E+01
5570	9.96547868E+01
5575	9.92493344E+01
5580	9.94523061E+01
5585	9.91073299E+01
5590	9.93830978E+01
5595	9.90256476E+01
5600	9.94130983E+01
5605	9.90732583E+01
5610	9.95118797E+01
5615	9.90906605E+01
5620	9.93138629E+01
5625	9.88420309E+01
5630	9.93184483E+01
5635	9.89381234E+01
5640	9.92190050E+01
5645	9.88388797E+01
5650	9.90841342E+01
5655	9.86839787E+01
5660	9.90646936E+01
5665	9.87335589E+01
5670	9.91215799E+01
5675	9.86385991E+01
5680	9.88362053E+01
5685	9.84861492E+01
5690	9.87259123E+01
5695	9.84609806E+01
5700	9.85889882E+01
5705	9.82806921E+01
5710	9.86380504E+01
5715	9.83127528E+01
5720	9.86922062E+01
5725	9.84851640E+01
5730	9.88015972E+01
5735	9.87227431E+01
5740	9.88839395E+01
5745	9.88606023E+01
5750	9.91307386E+01
5755	9.89804426E+01
5760	9.93686284E+01
5765	9.93229947E+01
5770	9.94326730E+01
5775	9.95665806E+01
5780	9.97192737E+01
5785	9.96837773E+01
5790	9.96982228E+01
5795	9.96851045E+01
5800	9.99121170E+01
5805	9.98617647E+01
5810	1.00048399E+02
5815	9.98760689E+01
5820	1.00197622E+02
5825	1.00083546E+02
5830	1.00159844E+02
5835	9.98051174E+01
5840	1.00029472E+02
5845	9.97012485E+01
5850	9.99834697E+01
5855	9.97497172E+01
5860	1.00031831E+02
5865	9.96272192E+01
5870	9.98534409E+01
5875	9.94257026E+01
5880	9.99373178E+01
5885	9.98473157E+01
5890	1.00305438E+02
5895	9.98321915E+01
5900	1.00647517E+02
5905	1.00200381E+02
5910	1.00934386E+02
5915	1.00694272E+02
5920	1.01248669E+02
5925	1.01080372E+02
5930	1.01420709E+02
5935	1.01032397E+02
5940	1.01434064E+02
5945	1.01126459E+02
5950	1.01591858E+02
5955	1.01323383E+02
5960	1.01568800E+02
5965	1.01262666E+02
5970	1.01731396E+02
5975	1.01609370E+02
5980	1.01880562E+02
5985	1.01892149E+02
5990	1.02214660E+02
5995	1.02155399E+02
6000	1.02307915E+02
6005	1.02166477E+02
6010	1.02782127E+02
6015	1.02670612E+02
6020	1.02916141E+02
6025	1.02636898E+02
6030	1.02680735E+02
6035	1.02816015E+02
6040	1.03010408E+02
6045	1.02803414E+02
6050	1.03194101E+02
6055	1.03284887E+02
6060	1.03317304E+02
6065	1.03266356E+02
6070	1.03279219E+02
6075	1.03653241E+02
6080	1.03727702E+02
6085	1.04343388E+02
6090	1.04673582E+02
6095	1.04770293E+02
6100	1.05045447E+02
6105	1.05124992E+02
6110	1.05883669E+02
6115	1.06372038E+02
6120	1.06694591E+02
6125	1.07407519E+02
6130	1.07760744E+02
6135	1.07654939E+02
6140	1.08124467E+02
6145	1.08484827E+02
6150	1.08552567E+02
6155	1.08665349E+02
6160	1.08559098E+02
6165	1.09346091E+02
6170	1.09263839E+02
6175	1.08996261E+02
6180	1.08779775E+02
6185	1.08275498E+02
6190	1.07942153E+02
6195	1.07172418E+02
6200	1.06723034E+02
6205	1.06462148E+02
6210	1.06411030E+02
6215	1.06481913E+02
6220	1.06084917E+02
6225	1.06142497E+02
6230	1.05405197E+02
6235	1.05357923E+02
6240	1.05287840E+02
6245	1.04445040E+02
