lag_sweep	g_R
5	9.96775590E-01
10	9.95307250E-01
15	9.94172339E-01
20	9.93272615E-01
25	9.92466568E-01
30	9.91759191E-01
35	9.91061413E-01
40	9.90522066E-01
45	9.89928454E-01
50	9.89422652E-01
55	9.88893776E-01
60	9.88423699E-01
65	9.87968169E-01
70	9.87552252E-01
75	9.87123431E-01
80	9.86734944E-01
85	9.86338399E-01
90	9.85981734E-01
95	9.85544953E-01
100	9.85213753E-01
105	9.84835291E-01
110	9.84523918E-01
115	9.84170127E-01
120	9.83903568E-01
125	9.83621280E-01
130	9.83345770E-01
135	9.83023188E-01
140	9.82749837E-01
145	9.82492123E-01
150	9.82226282E-01
155	9.81934510E-01
160	9.81670640E-01
165	9.81437183E-01
170	9.81161797E-01
175	9.80900968E-01
180	9.80680234E-01
185	9.80411168E-01
190	9.80174076E-01
195	9.79924616E-01
200	9.79715528E-01
205	9.79479021E-01
210	9.79297503E-01
215	9.79108019E-01
220	9.78892972E-01
225	9.78709890E-01
230	9.78501537E-01
235	9.78334092E-01
240	9.78133360E-01
245	9.77978486E-01
250	9.77787432E-01
255	9.77624068E-01
260	9.77446655E-01
265	9.77263636E-01
270	9.77095895E-01
275	9.76914527E-01
280	9.76700362E-01
285	9.76544098E-01
290	9.76308451E-01
295	9.76123400E-01
300	9.75904470E-01
305	9.75731944E-01
310	9.75491881E-01
315	9.75330834E-01
320	9.75127704E-01
325	9.74973543E-01
330	9.74768963E-01
335	9.74620378E-01
340	9.74451342E-01
345	9.74284971E-01
350	9.74123696E-01
355	9.73993134E-01
360	9.73804051E-01
365	9.73657649E-01
370	9.73484068E-01
375	9.73361548E-01
380	9.73171965E-01
385	9.73030258E-01
390	9.72828550E-01
395	9.72720936E-01
400	9.72517407E-01
405	9.72410586E-01
410	9.72201227E-01
415	9.72080932E-01
420	9.71918175E-01
425	9.71803889E-01
430	9.71648889E-01
435	9.71522148E-01
440	9.71335141E-01
445	9.71182913E-01
450	9.70983482E-01
455	9.70841369E-01
460	9.70642082E-01
465	9.70500448E-01
470	9.70301208E-01
475	9.70194946E-01
480	9.70014025E-01
485	9.69924232E-01
490	9.69753155E-01
495	9.69655750E-01
500	9.69456184E-01
505	9.69381368E-01
510	9.69165231E-01
515	9.69094919E-01
520	9.68917405E-01
525	9.68807887E-01
530	9.68652951E-01
535	9.68516355E-01
540	9.68365688E-01
545	9.68241858E-01
550	9.68108251E-01
555	9.68015103E-01
560	9.67896793E-01
565	9.67796595E-01
570	9.67649353E-01
575	9.67569471E-01
580	9.67437214E-01
585	9.67344357E-01
590	9.67213048E-01
595	9.67135173E-01
600	9.67009292E-01
605	9.66952693E-01
610	9.66822664E-01
615	9.66769410E-01
620	9.66605976E-01
625	9.66543815E-01
630	9.66394519E-01
635	9.66349829E-01
640	9.66198924E-01
645	9.66115675E-01
650	9.65973170E-01
655	9.65877929E-01
660	9.65709719E-01
665	9.65623263E-01
670	9.65448935E-01
675	9.65384182E-01
680	9.65242548E-01
685	9.65141339E-01
690	9.64998461E-01
695	9.64916272E-01
700	9.64762769E-01
705	9.64689755E-01
710	9.64543020E-01
715	9.64451881E-01
720	9.64301762E-01
725	9.64223440E-01
730	9.64083745E-01
735	9.63996161E-01
740	9.63835309E-01
745	9.63759512E-01
750	9.63589558E-01
755	9.63526224E-01
760	9.63372977E-01
765	9.63293813E-01
770	9.63124935E-01
775	9.63051138E-01
780	9.62872103E-01
785	9.62822048E-01
790	9.62638806E-01
795	9.62601469E-01
800	9.62434135E-01
805	9.62405139E-01
810	9.62227579E-01
815	9.62197591E-01
820	9.62041704E-01
825	9.62018506E-01
830	9.61910902E-01
835	9.61878730E-01
840	9.61772235E-01
845	9.61725946E-01
850	9.61654480E-01
855	9.61581059E-01
860	9.61502893E-01
865	9.61416028E-01
870	9.61347332E-01
875	9.61258577E-01
880	9.61186859E-01
885	9.61050224E-01
890	9.60996997E-01
895	9.60836117E-01
900	9.60816754E-01
905	9.60728398E-01
910	9.60711021E-01
915	9.60643285E-01
920	9.60615680E-01
925	9.60533141E-01
930	9.60482861E-01
935	9.60386762E-01
940	9.60357100E-01
945	9.60246980E-01
950	9.60216097E-01
955	9.60105079E-01
960	9.60083806E-01
965	9.59989844E-01
970	9.59964975E-01
975	9.59828019E-01
980	9.59818640E-01
985	9.59702392E-01
990	9.59673530E-01
995	9.59533859E-01
1000	9.59476942E-01
1005	9.59351404E-01
1010	9.59310788E-01
1015	9.59197689E-01
1020	9.59144236E-01
1025	9.58990670E-01
1030	9.58962821E-01
1035	9.58788589E-01
1040	9.58768847E-01
1045	9.58627048E-01
1050	9.58593360E-01
1055	9.58444228E-01
1060	9.58410003E-01
1065	9.58234881E-01
1070	9.58163166E-01
1075	9.58016911E-01
1080	9.57952660E-01
1085	9.57831708E-01
1090	9.57757556E-01
1095	9.57608463E-01
1100	9.57531494E-01
1105	9.57412040E-01
1110	9.57332005E-01
1115	9.57246124E-01
1120	9.57157404E-01
1125	9.57080705E-01
1130	9.56987125E-01
1135	9.56912743E-01
1140	9.56840038E-01
1145	9.56746541E-01
1150	9.56688332E-01
1155	9.56637765E-01
1160	9.56600313E-01
1165	9.56507255E-01
1170	9.56462739E-01
1175	9.56397592E-01
1180	9.56336340E-01
1185	9.56237941E-01
1190	9.56219592E-01
1195	9.56101893E-01
1200	9.56079942E-01
1205	9.55989262E-01
1210	9.56001334E-01
1215	9.55893187E-01
1220	9.55854791E-01
1225	9.55750102E-01
1230	9.55731241E-01
1235	9.55591562E-01
1240	9.55539255E-01
1245	9.55425408E-01
1250	9.55394308E-01
1255	9.55263067E-01
1260	9.55208987E-01
1265	9.55110138E-01
1270	9.55074839E-01
1275	9.55023348E-01
1280	9.55000696E-01
1285	9.54965597E-01
1290	9.54898286E-01
1295	9.54828452E-01
1300	9.54746019E-01
1305	9.54676357E-01
1310	9.54618147E-01
1315	9.54581189E-01
1320	9.54551002E-01
1325	9.54498024E-01
1330	9.54443805E-01
1335	9.54366341E-01
1340	9.54350756E-01
1345	9.54299048E-01
1350	9.54285092E-01
1355	9.54243299E-01
1360	9.54217114E-01
1365	9.54121129E-01
1370	9.54119038E-01
1375	9.53994072E-01
1380	9.53993016E-01
1385	9.53866369E-01
1390	9.53850447E-01
1395	9.53687736E-01
1400	9.53663770E-01
1405	9.53530403E-01
1410	9.53504353E-01
1415	9.53391567E-01
1420	9.53343379E-01
1425	9.53213670E-01
1430	9.53158806E-01
1435	9.53059419E-01
1440	9.52993443E-01
1445	9.52888556E-01
1450	9.52830387E-01
1455	9.52724915E-01
1460	9.52719847E-01
1465	9.52550474E-01
1470	9.52566383E-01
1475	9.52435650E-01
1480	9.52425784E-01
1485	9.52279338E-01
1490	9.52289752E-01
1495	9.52117364E-01
1500	9.52138056E-01
1505	9.51943523E-01
1510	9.51987850E-01
1515	9.51800756E-01
1520	9.51849182E-01
1525	9.51672109E-01
1530	9.51668315E-01
1535	9.51538905E-01
1540	9.51558956E-01
1545	9.51416672E-01
1550	9.51396682E-01
1555	9.51234675E-01
1560	9.51265726E-01
1565	9.51128872E-01
1570	9.51140199E-01
1575	9.51006623E-01
1580	9.51019091E-01
1585	9.50859915E-01
1590	9.50858596E-01
1595	9.50727456E-01
1600	9.50759635E-01
1605	9.50630113E-01
1610	9.50612993E-01
1615	9.50436427E-01
1620	9.50423618E-01
1625	9.50279203E-01
1630	9.50302247E-01
1635	9.50178773E-01
1640	9.50181092E-01
1645	9.50055025E-01
1650	9.50043021E-01
1655	9.49922807E-01
1660	9.49921307E-01
1665	9.49829090E-01
1670	9.49828020E-01
1675	9.49723558E-01
1680	9.49731791E-01
1685	9.49667072E-01
1690	9.49672907E-01
1695	9.49615690E-01
1700	9.49585190E-01
1705	9.49502672E-01
1710	9.49529415E-01
1715	9.49456980E-01
1720	9.49492027E-01
1725	9.49416144E-01
1730	9.49425236E-01
1735	9.49329960E-01
1740	9.49345494E-01
1745	9.49240094E-01
1750	9.49240026E-01
1755	9.49104400E-01
1760	9.49109174E-01
1765	9.49021503E-01
1770	9.48996996E-01
1775	9.48872507E-01
1780	9.48855483E-01
1785	9.48778843E-01
1790	9.48797196E-01
1795	9.48706004E-01
1800	9.48670015E-01
1805	9.48546938E-01
1810	9.48515256E-01
1815	9.48426938E-01
1820	9.48445168E-01
1825	9.48343808E-01
1830	9.48354230E-01
1835	9.48294535E-01
1840	9.48286682E-01
1845	9.48206865E-01
1850	9.48217492E-01
1855	9.48148953E-01
1860	9.48151529E-01
1865	9.48109991E-01
1870	9.48103854E-01
1875	9.48070604E-01
1880	9.48061368E-01
1885	9.47984947E-01
1890	9.47998246E-01
1895	9.47892611E-01
1900	9.47848030E-01
1905	9.47768031E-01
1910	9.47739831E-01
1915	9.47642233E-01
1920	9.47664282E-01
1925	9.47554390E-01
1930	9.47576499E-01
1935	9.47505655E-01
1940	9.47483805E-01
1945	9.47422647E-01
1950	9.47416366E-01
1955	9.47391764E-01
1960	9.47380313E-01
1965	9.47327458E-01
1970	9.47290878E-01
1975	9.47274302E-01
1980	9.47252114E-01
1985	9.47237834E-01
1990	9.47220417E-01
1995	9.47186280E-01
2000	9.47186881E-01
2005	9.47143537E-01
2010	9.47182337E-01
2015	9.47214273E-01
2020	9.47221555E-01
2025	9.47232698E-01
2030	9.47249015E-01
2035	9.47294304E-01
2040	9.47313331E-01
2045	9.47280487E-01
2050	9.47261152E-01
2055	9.47257939E-01
2060	9.47201417E-01
2065	9.47180385E-01
2070	9.47090017E-01
2075	9.47050722E-01
2080	9.47019273E-01
2085	9.46994510E-01
2090	9.46947217E-01
2095	9.46914601E-01
2100	9.46901705E-01
2105	9.46830170E-01
2110	9.46818113E-01
2115	9.46743635E-01
2120	9.46722294E-01
2125	9.46656988E-01
2130	9.46626962E-01
2135	9.46603021E-01
2140	9.46596286E-01
2145	9.46499676E-01
2150	9.46477632E-01
2155	9.46398959E-01
2160	9.46344490E-01
2165	9.46291829E-01
2170	9.46256559E-01
2175	9.46180106E-01
2180	9.46111173E-01
2185	9.46052226E-01
2190	9.46033525E-01
2195	9.45980794E-01
2200	9.45968405E-01
2205	9.45948949E-01
2210	9.45948464E-01
2215	9.45915027E-01
2220	9.45957496E-01
2225	9.45898491E-01
2230	9.45919247E-01
2235	9.45873456E-01
2240	9.45913515E-01
2245	9.45841068E-01
2250	9.45856524E-01
2255	9.45805133E-01
2260	9.45824600E-01
2265	9.45768659E-01
2270	9.45776363E-01
2275	9.45729353E-01
2280	9.45733451E-01
2285	9.45675561E-01
2290	9.45664397E-01
2295	9.45645009E-01
2300	9.45631736E-01
2305	9.45645976E-01
2310	9.45620461E-01
2315	9.45649269E-01
2320	9.45607421E-01
2325	9.45658021E-01
2330	9.45601696E-01
2335	9.45692427E-01
2340	9.45626326E-01
2345	9.45705839E-01
2350	9.45660238E-01
2355	9.45746153E-01
2360	9.45707832E-01
2365	9.45769868E-01
2370	9.45707658E-01
2375	9.45787738E-01
2380	9.45689047E-01
2385	9.45751762E-01
2390	9.45693458E-01
2395	9.45725738E-01
2400	9.45693508E-01
2405	9.45710193E-01
2410	9.45695996E-01
2415	9.45732024E-01
2420	9.45667384E-01
2425	9.45676264E-01
2430	9.45640802E-01
2435	9.45689476E-01
2440	9.45622584E-01
2445	9.45680337E-01
2450	9.45652382E-01
2455	9.45696267E-01
2460	9.45602656E-01
2465	9.45689701E-01
2470	9.45644440E-01
2475	9.45733830E-01
2480	9.45659321E-01
2485	9.45706485E-01
2490	9.45660382E-01
2495	9.45710219E-01
2500	9.45658278E-01
2505	9.45724005E-01
2510	9.45675725E-01
2515	9.45738035E-01
2520	9.45654281E-01
2525	9.45676859E-01
2530	9.45619878E-01
2535	9.45665671E-01
2540	9.45620286E-01
2545	9.45711122E-01
2550	9.45623097E-01
2555	9.45730244E-01
2560	9.45657331E-01
2565	9.45679516E-01
2570	9.45638205E-01
2575	9.45672437E-01
2580	9.45602972E-01
2585	9.45630538E-01
2590	9.45569464E-01
2595	9.45531340E-01
2600	9.45451211E-01
2605	9.45461011E-01
2610	9.45414064E-01
2615	9.45382528E-01
2620	9.45315164E-01
2625	9.45293573E-01
2630	9.45208679E-01
2635	9.45112164E-01
2640	9.45041418E-01
2645	9.45032784E-01
2650	9.44916952E-01
2655	9.44883845E-01
2660	9.44839841E-01
2665	9.44834989E-01
2670	9.44802977E-01
2675	9.44806108E-01
2680	9.44781542E-01
2685	9.44783360E-01
2690	9.44768594E-01
2695	9.44760781E-01
2700	9.44768482E-01
2705	9.44795254E-01
2710	9.44768204E-01
2715	9.44821619E-01
2720	9.44802710E-01
2725	9.44849608E-01
2730	9.44787262E-01
2735	9.44834753E-01
2740	9.44764086E-01
2745	9.44767209E-01
2750	9.44677006E-01
2755	9.44708782E-01
2760	9.44642757E-01
2765	9.44684096E-01
2770	9.44645643E-01
2775	9.44711823E-01
2780	9.44684000E-01
2785	9.44750933E-01
2790	9.44698116E-01
2795	9.44768251E-01
2800	9.44708821E-01
2805	9.44738035E-01
2810	9.44718207E-01
2815	9.44719483E-01
2820	9.44652921E-01
2825	9.44672270E-01
2830	9.44611623E-01
2835	9.44604855E-01
2840	9.44572697E-01
2845	9.44578704E-01
2850	9.44531075E-01
2855	9.44544968E-01
2860	9.44462551E-01
2865	9.44487545E-01
2870	9.44390050E-01
2875	9.44416177E-01
2880	9.44322300E-01
2885	9.44348297E-01
2890	9.44202402E-01
2895	9.44247657E-01
2900	9.44107932E-01
2905	9.44151178E-01
2910	9.44005743E-01
2915	9.44038429E-01
2920	9.43931349E-01
2925	9.43946029E-01
2930	9.43840694E-01
2935	9.43881749E-01
2940	9.43783215E-01
2945	9.43830464E-01
2950	9.43733600E-01
2955	9.43833171E-01
2960	9.43750538E-01
2965	9.43845223E-01
2970	9.43702531E-01
2975	9.43781511E-01
2980	9.43713534E-01
2985	9.43744559E-01
2990	9.43653682E-01
2995	9.43632813E-01
3000	9.43534843E-01
3005	9.43511618E-01
3010	9.43404755E-01
3015	9.43360987E-01
3020	9.43370398E-01
3025	9.43292729E-01
3030	9.43274917E-01
3035	9.43208832E-01
3040	9.43198369E-01
3045	9.43131151E-01
3050	9.43081897E-01
3055	9.43022421E-01
3060	9.43009975E-01
3065	9.42950618E-01
3070	9.42884905E-01
3075	9.42845743E-01
3080	9.42776870E-01
3085	9.42769946E-01
3090	9.42759749E-01
3095	9.42772272E-01
3100	9.42718469E-01
3105	9.42727121E-01
3110	9.42680813E-01
3115	9.42724406E-01
3120	9.42658099E-01
3125	9.42715246E-01
3130	9.42681504E-01
3135	9.42710137E-01
3140	9.42650803E-01
3145	9.42743323E-01
3150	9.42639493E-01
3155	9.42730801E-01
3160	9.42626821E-01
3165	9.42713224E-01
3170	9.42602361E-01
3175	9.42648509E-01
3180	9.42524354E-01
3185	9.42580453E-01
3190	9.42431940E-01
3195	9.42558159E-01
3200	9.42444355E-01
3205	9.42506411E-01
3210	9.42362431E-01
3215	9.42450605E-01
3220	9.42253096E-01
3225	9.42353078E-01
3230	9.42134847E-01
3235	9.42301146E-01
3240	9.42089282E-01
3245	9.42184424E-01
3250	9.41999824E-01
3255	9.42099686E-01
3260	9.41937664E-01
3265	9.42030152E-01
3270	9.41905454E-01
3275	9.42027124E-01
3280	9.41915156E-01
3285	9.42047174E-01
3290	9.41959808E-01
3295	9.42103180E-01
3300	9.41996704E-01
3305	9.42089131E-01
3310	9.41984810E-01
3315	9.42096773E-01
3320	9.41966916E-01
3325	9.42056568E-01
3330	9.41911335E-01
3335	9.41988945E-01
3340	9.41906506E-01
3345	9.41998834E-01
3350	9.41924075E-01
3355	9.42011473E-01
3360	9.41939903E-01
3365	9.42048740E-01
3370	9.41961199E-01
3375	9.42027618E-01
3380	9.41926628E-01
3385	9.41989576E-01
3390	9.41866635E-01
3395	9.41925891E-01
3400	9.41828948E-01
3405	9.41926299E-01
3410	9.41799756E-01
3415	9.41889615E-01
3420	9.41773459E-01
3425	9.41864667E-01
3430	9.41717626E-01
3435	9.41838289E-01
3440	9.41744513E-01
3445	9.41887048E-01
3450	9.41841288E-01
3455	9.41989044E-01
3460	9.41904811E-01
3465	9.42049701E-01
3470	9.41968643E-01
3475	9.42126465E-01
3480	9.42039583E-01
3485	9.42155420E-01
3490	9.42094341E-01
3495	9.42166579E-01
3500	9.42083101E-01
3505	9.42140788E-01
3510	9.42099704E-01
3515	9.42167260E-01
3520	9.42099865E-01
3525	9.42231397E-01
3530	9.42227424E-01
3535	9.42304502E-01
3540	9.42324254E-01
3545	9.42384611E-01
3550	9.42402590E-01
3555	9.42467235E-01
3560	9.42394251E-01
3565	9.42507514E-01
3570	9.42455546E-01
3575	9.42540566E-01
3580	9.42545084E-01
3585	9.42596303E-01
3590	9.42565045E-01
3595	9.42649393E-01
3600	9.42549448E-01
3605	9.42597312E-01
3610	9.42553933E-01
3615	9.42611434E-01
3620	9.42542943E-01
3625	9.42619435E-01
3630	9.42492835E-01
3635	9.42585539E-01
3640	9.42490941E-01
3645	9.42637557E-01
3650	9.42609901E-01
3655	9.42635799E-01
3660	9.42519347E-01
3665	9.42557452E-01
3670	9.42475276E-01
3675	9.42605037E-01
3680	9.42559539E-01
3685	9.42717912E-01
3690	9.42640408E-01
3695	9.42831729E-01
3700	9.42764297E-01
3705	9.42944704E-01
3710	9.42819143E-01
3715	9.42984516E-01
3720	9.42874969E-01
3725	9.43001154E-01
3730	9.42950447E-01
3735	9.43104711E-01
3740	9.42994116E-01
3745	9.43196199E-01
3750	9.43147165E-01
3755	9.43362819E-01
3760	9.43349233E-01
3765	9.43577733E-01
3770	9.43566786E-01
3775	9.43773770E-01
3780	9.43743994E-01
3785	9.43962894E-01
3790	9.43937510E-01
3795	9.44084042E-01
3800	9.44052754E-01
3805	9.44243902E-01
3810	9.44206182E-01
3815	9.44339333E-01
3820	9.44312940E-01
3825	9.44478604E-01
3830	9.44419146E-01
3835	9.44524220E-01
3840	9.44451695E-01
3845	9.44566693E-01
3850	9.44425041E-01
3855	9.44523579E-01
3860	9.44382207E-01
3865	9.44529107E-01
3870	9.44429658E-01
3875	9.44571264E-01
3880	9.44457829E-01
3885	9.44596853E-01
3890	9.44496657E-01
3895	9.44736344E-01
3900	9.44693932E-01
3905	9.44913561E-01
3910	9.44803773E-01
3915	9.44994885E-01
3920	9.44892013E-01
3925	9.45094181E-01
3930	9.44994626E-01
3935	9.45211311E-01
3940	9.45114676E-01
3945	9.45299840E-01
3950	9.45202891E-01
3955	9.45286617E-01
3960	9.45225365E-01
3965	9.45373004E-01
3970	9.45278719E-01
3975	9.45398664E-01
3980	9.45279398E-01
3985	9.45396257E-01
3990	9.45308260E-01
3995	9.45455718E-01
4000	9.45337570E-01
4005	9.45475059E-01
4010	9.45331804E-01
4015	9.45439732E-01
4020	9.45396603E-01
4025	9.45583081E-01
4030	9.45465891E-01
4035	9.45647562E-01
4040	9.45592878E-01
4045	9.45730540E-01
4050	9.45667762E-01
4055	9.45790207E-01
4060	9.45711107E-01
4065	9.45789274E-01
4070	9.45649945E-01
4075	9.45694647E-01
4080	9.45606284E-01
4085	9.45674601E-01
4090	9.45653901E-01
4095	9.45671084E-01
4100	9.45644931E-01
4105	9.45623839E-01
4110	9.45519506E-01
4115	9.45574755E-01
4120	9.45535494E-01
4125	9.45552322E-01
4130	9.45496940E-01
4135	9.45490096E-01
4140	9.45409861E-01
4145	9.45437485E-01
4150	9.45359072E-01
4155	9.45421050E-01
4160	9.45369145E-01
4165	9.45447546E-01
4170	9.45353170E-01
4175	9.45356045E-01
4180	9.45235930E-01
4185	9.45194273E-01
4190	9.45122828E-01
4195	9.45091073E-01
4200	9.45000764E-01
4205	9.45085227E-01
4210	9.44999689E-01
4215	9.45130962E-01
4220	9.45117740E-01
4225	9.45221043E-01
4230	9.45202629E-01
4235	9.45314503E-01
4240	9.45357627E-01
4245	9.45504437E-01
4250	9.45499366E-01
4255	9.45578953E-01
4260	9.45630743E-01
4265	9.45738891E-01
4270	9.45735491E-01
4275	9.45815777E-01
4280	9.45805159E-01
4285	9.45856423E-01
4290	9.45729677E-01
4295	9.45768200E-01
4300	9.45724658E-01
4305	9.45747265E-01
4310	9.45670810E-01
4315	9.45699923E-01
4320	9.45574972E-01
4325	9.45564972E-01
4330	9.45440793E-01
4335	9.45527816E-01
4340	9.45486514E-01
4345	9.45487061E-01
4350	9.45483149E-01
4355	9.45540475E-01
4360	9.45441907E-01
4365	9.45475318E-01
4370	9.45451356E-01
4375	9.45468743E-01
4380	9.45545465E-01
4385	9.45580245E-01
4390	9.45642101E-01
4395	9.45658937E-01
4400	9.45782510E-01
4405	9.45755366E-01
4410	9.45866033E-01
4415	9.45883083E-01
4420	9.45994840E-01
4425	9.45922520E-01
4430	9.46020752E-01
4435	9.45977399E-01
4440	9.45989237E-01
4445	9.45905084E-01
4450	9.45941612E-01
4455	9.45972208E-01
4460	9.46018520E-01
4465	9.46093639E-01
4470	9.46113492E-01
4475	9.46169740E-01
4480	9.46050339E-01
4485	9.46152600E-01
4490	9.46072815E-01
4495	9.46136528E-01
4500	9.46004889E-01
4505	9.46055937E-01
4510	9.45952687E-01
4515	9.46000806E-01
4520	9.45908407E-01
4525	9.46035015E-01
4530	9.45970579E-01
4535	9.46128844E-01
4540	9.46115726E-01
4545	9.46276139E-01
4550	9.46246388E-01
4555	9.46332601E-01
4560	9.46374992E-01
4565	9.46487794E-01
4570	9.46534416E-01
4575	9.46644916E-01
4580	9.46690174E-01
4585	9.46805593E-01
4590	9.46806206E-01
4595	9.47046483E-01
4600	9.46933901E-01
4605	9.46992390E-01
4610	9.46855539E-01
4615	9.46986781E-01
4620	9.46859664E-01
4625	9.47009643E-01
4630	9.46862735E-01
4635	9.47016104E-01
4640	9.46855188E-01
4645	9.47003985E-01
4650	9.46921749E-01
4655	9.47206512E-01
4660	9.47023675E-01
4665	9.47155817E-01
4670	9.47024428E-01
4675	9.47094276E-01
4680	9.46954844E-01
4685	9.47091139E-01
4690	9.46949456E-01
4695	9.47033234E-01
4700	9.46804392E-01
4705	9.46865962E-01
4710	9.46779847E-01
4715	9.46721460E-01
4720	9.46711020E-01
4725	9.46792712E-01
4730	9.46776306E-01
4735	9.46832429E-01
4740	9.46832048E-01
4745	9.46979444E-01
4750	9.46901372E-01
4755	9.46978052E-01
4760	9.47027986E-01
4765	9.47062938E-01
4770	9.47029927E-01
4775	9.47149133E-01
4780	9.47137519E-01
4785	9.47293502E-01
4790	9.47135935E-01
4795	9.47167850E-01
4800	9.47111691E-01
4805	9.47129159E-01
4810	9.47062376E-01
4815	9.47157599E-01
4820	9.47078907E-01
4825	9.47050431E-01
4830	9.46991052E-01
4835	9.46996948E-01
4840	9.46927035E-01
4845	9.46935294E-01
4850	9.46865719E-01
4855	9.46745346E-01
4860	9.46697064E-01
4865	9.46615379E-01
4870	9.46626257E-01
4875	9.46676831E-01
4880	9.46675399E-01
4885	9.46734113E-01
4890	9.46732974E-01
4895	9.46763279E-01
4900	9.46760492E-01
4905	9.46708370E-01
4910	9.46787113E-01
4915	9.46642856E-01
4920	9.46692947E-01
4925	9.46548102E-01
4930	9.46444585E-01
4935	9.46450904E-01
4940	9.46358411E-01
4945	9.46398995E-01
4950	9.46248206E-01
4955	9.46246772E-01
4960	9.46047245E-01
4965	9.46177999E-01
4970	9.46027287E-01
4975	9.46209349E-01
4980	9.46153665E-01
4985	9.46242975E-01
4990	9.46171478E-01
4995	9.46143687E-01
5000	9.46128189E-01
5005	9.46069580E-01
5010	9.46002167E-01
5015	9.45888267E-01
5020	9.45864174E-01
5025	9.45843309E-01
5030	9.45784078E-01
5035	9.45739344E-01
5040	9.45717239E-01
5045	9.45739136E-01
5050	9.45750033E-01
5055	9.45741341E-01
5060	9.45711949E-01
5065	9.45740475E-01
5070	9.45843720E-01
5075	9.45876493E-01
5080	9.46001195E-01
5085	9.46044402E-01
5090	9.46172065E-01
5095	9.46220809E-01
5100	9.46259491E-01
5105	9.46354709E-01
5110	9.46481065E-01
5115	9.46467831E-01
5120	9.46465337E-01
5125	9.46397320E-01
5130	9.46446831E-01
5135	9.46384806E-01
5140	9.46434859E-01
5145	9.46378040E-01
5150	9.46499219E-01
5155	9.46376894E-01
5160	9.46309463E-01
5165	9.46158080E-01
5170	9.46236392E-01
5175	9.46011984E-01
5180	9.45978448E-01
5185	9.45740496E-01
5190	9.45666212E-01
5195	9.45282238E-01
5200	9.45108913E-01
5205	9.44933613E-01
5210	9.44779945E-01
5215	9.44614250E-01
5220	9.44398903E-01
5225	9.44260320E-01
5230	9.44181467E-01
5235	9.44162059E-01
5240	9.44024631E-01
5245	9.43956562E-01
5250	9.43784136E-01
5255	9.43782233E-01
5260	9.43620011E-01
5265	9.43672985E-01
5270	9.43539794E-01
5275	9.43533501E-01
5280	9.43364018E-01
5285	9.43337687E-01
5290	9.43284627E-01
5295	9.43386246E-01
5300	9.43337130E-01
5305	9.43402896E-01
5310	9.43398170E-01
5315	9.43529616E-01
5320	9.43528027E-01
5325	9.43590959E-01
5330	9.43503959E-01
5335	9.43581203E-01
5340	9.43579943E-01
5345	9.43671468E-01
5350	9.43558263E-01
5355	9.43444042E-01
5360	9.43182848E-01
5365	9.43075393E-01
5370	9.42873474E-01
5375	9.42886124E-01
5380	9.42744568E-01
5385	9.42784254E-01
5390	9.42694543E-01
5395	9.42804627E-01
5400	9.42635896E-01
5405	9.42784249E-01
5410	9.42768239E-01
5415	9.42972429E-01
5420	9.42970474E-01
5425	9.43183500E-01
5430	9.43168246E-01
5435	9.43222851E-01
5440	9.43276696E-01
5445	9.43386492E-01
5450	9.43580332E-01
5455	9.43471889E-01
5460	9.43442427E-01
5465	9.43260504E-01
5470	9.43304738E-01
5475	9.43108567E-01
5480	9.43128092E-01
5485	9.42971132E-01
5490	9.43043436E-01
5495	9.42836804E-01
5500	9.42811288E-01
5505	9.42589667E-01
5510	9.42620580E-01
5515	9.42430021E-01
5520	9.42431415E-01
5525	9.42516818E-01
5530	9.42477841E-01
5535	9.42359519E-01
5540	9.42142203E-01
5545	9.42046412E-01
5550	9.41839421E-01
5555	9.41735353E-01
5560	9.41495877E-01
5565	9.41489889E-01
5570	9.41105173E-01
5575	9.40905352E-01
5580	9.40628591E-01
5585	9.40586732E-01
5590	9.40134862E-01
5595	9.40158721E-01
5600	9.39706779E-01
5605	9.39849276E-01
5610	9.39416866E-01
5615	9.39810093E-01
5620	9.39491205E-01
5625	9.39638113E-01
5630	9.39417591E-01
5635	9.39637877E-01
5640	9.39396233E-01
5645	9.39456012E-01
5650	9.39211816E-01
5655	9.39351485E-01
5660	9.39061960E-01
5665	9.39330421E-01
5670	9.39031468E-01
5675	9.39352181E-01
5680	9.38898131E-01
5685	9.39293882E-01
5690	9.39199976E-01
5695	9.39358338E-01
5700	9.39170495E-01
5705	9.39254643E-01
5710	9.39153584E-01
5715	9.39468298E-01
5720	9.39307389E-01
5725	9.39524630E-01
5730	9.39521746E-01
5735	9.39382089E-01
5740	9.39304684E-01
5745	9.39257788E-01
5750	9.39005049E-01
5755	9.39178535E-01
5760	9.38693346E-01
5765	9.38948320E-01
5770	9.38536568E-01
5775	9.38635006E-01
5780	9.38236777E-01
5785	9.38208643E-01
5790	9.37833339E-01
5795	9.38042181E-01
5800	9.37817371E-01
5805	9.37911145E-01
5810	9.37726777E-01
5815	9.37651529E-01
5820	9.37367111E-01
5825	9.37300853E-01
5830	9.37080733E-01
5835	9.37040614E-01
5840	9.36740133E-01
5845	9.36730462E-01
5850	9.36459091E-01
5855	9.36327549E-01
5860	9.36008615E-01
5865	9.36172218E-01
5870	9.35829143E-01
5875	9.36117299E-01
5880	9.35735815E-01
5885	9.35887290E-01
5890	9.35604406E-01
5895	9.35371091E-01
5900	9.34987993E-01
5905	9.34828661E-01
5910	9.34422010E-01
5915	9.34195364E-01
5920	9.33862865E-01
5925	9.33439473E-01
5930	9.33447235E-01
5935	9.32993947E-01
5940	9.32985259E-01
5945	9.32334092E-01
5950	9.32446588E-01
5955	9.31959133E-01
5960	9.32099160E-01
5965	9.31858495E-01
5970	9.32144751E-01
5975	9.32045580E-01
5980	9.32006924E-01
5985	9.31994942E-01
5990	9.32297071E-01
5995	9.31905126E-01
6000	9.31843618E-01
6005	9.31408841E-01
6010	9.30916349E-01
6015	9.30443276E-01
6020	9.30135912E-01
6025	9.29413697E-01
6030	9.29605318E-01
6035	9.29243238E-01
6040	9.29405597E-01
6045	9.29245515E-01
6050	9.29364103E-01
6055	9.29483835E-01
6060	9.29769285E-01
6065	9.29051052E-01
6070	9.29211818E-01
6075	9.29193909E-01
6080	9.29514889E-01
6085	9.28940862E-01
6090	9.29597810E-01
6095	9.29857965E-01
6100	9.30434109E-01
6105	9.29774236E-01
6110	9.30537489E-01
6115	9.30578029E-01
6120	9.31304398E-01
6125	9.31024224E-01
6130	9.30960779E-01
6135	9.30665634E-01
6140	9.30890357E-01
6145	9.30194987E-01
6150	9.30561642E-01
6155	9.30414163E-01
6160	9.30542687E-01
6165	9.29697387E-01
6170	9.30093065E-01
6175	9.30435631E-01
6180	9.31542227E-01
6185	9.30956597E-01
6190	9.31880233E-01
6195	9.31490157E-01
6200	9.31669557E-01
6205	9.29977888E-01
6210	9.30994396E-01
6215	9.33470804E-01
6220	9.33648076E-01
6225	9.32170793E-01
6230	9.31630978E-01
6235	9.33044638E-01
6240	9.34067184E-01
6245	9.35246878E-01
